{
  "velocimeters": [
    {
      "scale_and_alignment": [
        1.0,
        0.0000000000000000,
        0.0000000000000000,
        0.0000000000000000,
        1.0,
        0.0000000000000000,
        0.0000000000000000,
        0.0000000000000000,
        1.0
      ],
      "noise_variance": 0.004445126050420168,
      "extrinsics": {
        "T": [
          0.017,
          -0.352,
          0.309
        ],
        "T_variance": [
          9.999999974752427e-7,
          9.999999974752427e-7,
          9.999999974752427e-7
        ],
        "W": [
          -1.2091996,
          1.2091996,
          1.2091996
        ],
        "W_variance": [
          9.999999974752427e-5,
          9.999999974752427e-5,
          9.999999974752427e-5
        ]
      }
    }
  ]
}