{
    "velocimeters": [
        {
            "scale_and_alignment": [
                0.0, 0.0, -1.0,
                -1.0, 0.0, 0.0,
                0.0, 1.0, 0.0
            ],
            "noise_variance": 0.00004445126050420168,
            "extrinsics": {
                "T": [
                     0.0000,
                    -0.1225,
                     0.3130
                ],
                "T_variance": [
                    9.999999974752427e-7, 
                    9.999999974752427e-7, 
                    9.999999974752427e-7
                ],
                "W": [
                    -1.2091996,
                    -1.2091996,
                    -1.2091996
                ],
                "W_variance": [
                    9.999999974752427e-5, 
                    9.999999974752427e-5, 
                    9.999999974752427e-5
                ]
            }
        }
    ]
}
